{
    "loss": 0.6716171503067017,
    "accuracy": 0.9482758641242981
}