{
    "loss": 0.5653780102729797,
    "accuracy": 0.9482758641242981
}